name,nodes,cell_ratio,tables,type_title,type_bracket,qnum,answer,reading,dots,markers,repeated,tier_heads,cats,pick
计数原理与二项式定理-教师版-v2.docx,1121,0.9973238180196253,1,21,0,100,90,0,0,2,39,32,"['B_全文一表型', 'C_重复题型型']",B
专题02：数的运算 2026年数学小升初毕业备考真题汇编-教师版.docx,819,0.9963369963369964,1,1,0,64,51,0,0,2,16,7,['B_全文一表型'],B
2025-2026学年_高一_数学_第1 速度的测量_复习讲义_学生版.docx,759,0.9960474308300395,1,20,0,94,0,1,0,2,53,8,"['B_全文一表型', 'C_重复题型型']",B
人教PEP英语四年级下册-期末复习讲义.docx,323,0.9907120743034056,1,0,0,33,0,0,0,2,6,9,['B_全文一表型'],B
章宇琪资料.zip::第三部分 完形填空 解题策略精讲 教师版.docx,1269,0.027580772261623327,6,14,0,133,114,59,9,0,16,13,"['D_阅读材料+多题型', 'C_重复题型型', 'A_普通段落型']",D
章宇琪资料.zip::第五部分 短文改错 解题策略精讲 教师版.docx,1566,0.22988505747126436,3,0,0,569,47,41,3,0,16,9,['D_阅读材料+多题型'],D
章宇琪资料.zip::第一部分 阅读理解 解题策略精讲 教师版.docx,644,0.0,0,0,0,162,6,46,0,0,3,20,"['D_阅读材料+多题型', 'A_普通段落型']",D
章宇琪资料.zip::第七部分 读后续写 解题策略精讲 教师版.docx,1057,0.0,0,0,0,407,3,34,0,0,1,16,"['D_阅读材料+多题型', 'A_普通段落型']",D
专题02 计数原理与二项式定理（题型清单）（解析版）.docx,1038,0.09922928709055877,17,21,0,100,90,0,0,0,39,25,"['C_重复题型型', 'A_普通段落型']",C
物理_1.4节速度的测量_原卷版.docx,619,0.42649434571890144,13,19,0,94,0,1,0,0,38,23,['C_重复题型型'],C
学科网资料20211204053501(21份).zip::第20斩 应用文写作20篇-2022年高考英语语法重难点复习百题斩.docx,617,0.0,0,8,0,148,1,5,0,0,23,1,"['D_阅读材料+多题型', 'C_重复题型型', 'A_普通段落型']",C
专题01 实数（6重点+17种题型+复习提升）（解析版） .docx,1167,0.04541559554413025,13,0,0,92,78,15,1,2,65,39,"['D_阅读材料+多题型', 'A_普通段落型']",A
õ©ôÚó03 µò¦Õ+ÅþÜäõ¦µ¦òõ©ÄÕøáÕ+ÅÕêå޺ú´+ê8Úçìþé¦+17þºìÚóÕ×ï+Õñìõ¦áµÅÉÕìç´+ë´+ê޺úµ×Éþëê´+ë  .docx,453,0.12362030905077263,12,4,0,80,0,7,0,2,21,37,['A_普通段落型'],A
章宇琪资料.zip::第六部分 应用文写作 解题策略精讲 教师版.docx,1222,0.0,0,0,0,380,0,8,44,0,11,17,['A_普通段落型'],A
学科网资料20211204053501(21份).zip::第17斩 完形填空（20空）精练精析15篇-2022年高考英语语法重难点复习百题斩.docx,1360,0.0,0,0,0,900,1,6,0,0,1,16,"['D_阅读材料+多题型', 'A_普通段落型']",A
章宇琪资料.zip::第四部分 语法填空 解题策略精讲 教师版.docx,500,0.0,0,0,0,35,64,12,5,0,9,15,"['D_阅读材料+多题型', 'A_普通段落型']",A
